Unnamed: 0,question,single_answer,routed_answer,single_cost,single_duration,routed_cost,routed_duration,single_score,routed_score
0,What are the key components of an LLM-powered autonomous agent system?,"In an LLM-powered autonomous agent system, the large language model functions as the agent's brain and is complemented by several key components:

1. **Planning**:
   - **Subgoal and Decomposition**: The agent must break down large tasks into smaller, manageable subgoals to efficiently handle complex tasks.
   - **Reflection and Refinement**: The agent should be capable of self-criticism and self-reflection on past actions, learning from mistakes to refine future actions and improve the quality of final results.

2. **Memory**:
   - **Short-term Memory**: This involves utilizing the model’s inherent ability for in-context learning.
   - **Long-term Memory**: This enables the agent to retain and recall extended information over time often by leveraging an external vector store and fast retrieval systems.

3. **Tool Use**:
   - The agent should have the capability to call external APIs for information that might not be present in the model's weights which are often hard to change during pre-training. This includes accessing current data, executing code, or retrieving proprietary information.

Additionally, it is important to note the reliability issues of the model outputs, as LLMs might make formatting mistakes or exhibit unexpected behavior. A considerable amount of agent demo code focuses on parsing and properly utilizing model output.

This explanation is based on various demonstrations and proof-of-concept examples, including AutoGPT, GPT-Engineer, and BabyAGI, each showcasing the potential of LLMs to serve as a powerful general problem solver.","In a LLM-powered autonomous agent system, the large language model (LLM) functions as the brain of the agent. It is complemented by several key components:

1. **Planning**: This involves breaking down large tasks into smaller, manageable subgoals for efficient handling of complex tasks. The agent can also perform self-criticism and reflection to learn from past actions and improve future performance.

2. **Memory**:
   - **Short-term memory**: Utilized through in-context learning.
   - **Long-term memory**: Allows the agent to retain and recall information over extended periods using an external vector store for fast retrieval.

3. **Tool Use**: The agent can call external APIs to access additional information beyond the LLM's training, such as current data or proprietary information. This enables functionalities that are not hard-coded into the model.

Challenges in building such systems include parsing model outputs accurately, as LLMs may create errors or not follow instructions precisely. The systems often involve interacting with external components, and reliability issues can arise here. Additionally, MRKL systems propose using a general-purpose LLM to route inquiries to expert modules which can be neural or symbolic, ensuring effective task completion.

This setup showcases the LLM's potential beyond language generation, framing it as a general problem solver capable of handling a variety of tasks through effective decomposition, memory management, and tool use.",0.02268,38841205,0.01099776,12920626,9,9
1,How does the Chain of Thought (CoT) prompting technique enhance model performance in task decomposition?,"Chain-of-Thought (CoT) prompting is a technique aimed at enhancing model performance on complex tasks by guiding the model to ""think step by step"" and decompose difficult problems into smaller, more manageable steps. This approach helps to illuminate the model's thought process and allows it to utilize more computation at test time for task breakdowns. CoT can transform large, complex tasks into multiple manageable subtasks, improving interpretability. The technique shows the most benefit for complicated reasoning tasks, particularly when applied using large models (e.g., those with over 50 billion parameters). For simpler tasks, CoT generally provides moderate enhancements.

CoT is implemented in two primary ways: 
1. Few-shot CoT: This involves providing the model with a few demonstrations that each include manually written or model-generated high-quality reasoning chains.
2. Complex rationale preference: Prompts demonstrating more complex reasoning steps can achieve better performance, as complexity contributes to more detailed thinking.

Extensions of CoT such as the ""Tree of Thoughts"" involve exploring multiple reasoning possibilities at each step, creating a tree structure of thought processes. The problem is first decomposed into multiple thought steps, with multiple thoughts generated per step. This enables a breadth-first or depth-first search to explore these reasoning paths, with the state at each step evaluated via classifiers or majority votes.

Additional approaches like self-ask and IRCoT combine CoT prompting with external queries to databases or APIs to refine the content and incorporate relevant external information into the model's reasoning process.

Overall, CoT prompting enhances a model's problem-solving ability by encouraging detailed, explicit reasoning chains that break down complex tasks and allow a model to better emulate human-like reasoning patterns.","Task Decomposition  
Chain of thought (CoT; Wei et al. 2022) has become a standard prompting technique for enhancing model performance on complex tasks. The model is instructed to “think step by step” to utilize more test-time computation to decompose hard tasks into smaller and simpler steps. CoT transforms big tasks into multiple manageable tasks and sheds light on an interpretation of the model’s thinking process. Tree of Thoughts (Yao et al. 2023) extends CoT by exploring multiple reasoning possibilities at each step. It first decomposes the problem into multiple thought steps and generates multiple thoughts per step, creating a tree structure. The search process can be BFS (breadth-first search) or DFS (depth-first search) with each state evaluated by a classifier (via a prompt) or majority vote. Task decomposition can be done (1) by LLM with simple prompting like ""Steps for XYZ.n1."", ""What are the subgoals for achieving XYZ?"", (2) by using task-specific instructions; e.g. ""Write a story outline."" for writing a novel, or (3) with human inputs. Another quite distinct approach, LLM+P (Liu et al. 2023), involves relying on an external classical planner to do long-horizon planning. This approach utilizes the Planning Domain Definition Language (PDDL) as an intermediate interface to describe the planning problem. In this process, LLM (1) translates the problem into “Problem PDDL”, then (2) requests a classical planner to generate a PDDL plan based on an existing “Domain PDDL”, and finally (3) translates the PDDL plan back into natural language. Essentially, the planning step is outsourced to an external tool, assuming the availability of domain-specific PDDL and a suitable planner, which is common in certain robotic setups but not in many other domains. 

Self-Reflection   
Self-reflection is a vital aspect that allows autonomous agents to improve iteratively by refining past action decisions and correcting previous mistakes. It plays a crucial role in real-world tasks, repeating the process until convergence. Note that higher temperature is more likely to generate incorrect rationales with correct answers. If training examples do not have ground truth answers, maybe consider using majority votes as the “correct” answers. Prompts with demonstrations of higher reasoning complexity can achieve better performance, where complexity is measured by the number of reasoning steps in the chains. When separating reasoning steps, newline `\n` symbol works better than step i, period `.` or semicolon `;`. (Fu et al. 2023) Complexity-based consistency is to explicitly prefer complex chains among all the generations by taking majority vote among only top $k$ complex chains. (Fu et al. 2023) Later, Shum et al. (2023) found that in their experiments CoT prompts with only complex examples can improve the accuracy of complex questions, but perform poorly in simple questions; evidence shown on GSM8k. Changing Q: to Question: is found to be helpful. (Fu et al. 2023) Ye & Durrett (2022) found that the benefit of including explanations in the prompt is small to moderate for NLP tasks that involve reasoning over text (i.e. QA and NLI) and the effects vary by models. They observed that explanations are more likely to be nonfactual than be inconsistent (i.e. whether explanation entails prediction). Nonfactual explanations most likely lead to incorrect predictions. 

Self-Ask (Press et al. 2022) is a method to repeatedly prompt the model to ask follow-up questions to construct the thought process iteratively. Follow-up questions can be answered by search engine results. Similarly, IRCoT (Interleaving Retrieval CoT; Trivedi et al. 2022) and ReAct (Reason + Act; Yao et al. 2023) combine iterative CoT prompting with queries to Wikipedia APIs to search for relevant entities and content and then add it back into the context. 

The Tree of Thoughts (Yao et al. 2023) extends CoT by guiding future changes in the plan. Then, reflections are added into the agent’s working memory, up to three, to be used as context for querying LLM.",0.01311,19705861,0.009954,40936757,9,7
2,"What are some examples of external tools LLMs can use to extend their capabilities, as mentioned in the documents?","External tools utilized by large language models (LLMs) to enhance their functionalities include:

1. **MRKL Systems**: These systems contain a collection of expert modules, with LLMs serving as routers to direct inquiries to the most suitable module. These modules can be either neural (such as deep learning models) or symbolic (like math calculators, currency converters, weather APIs).

2. **Experiments with Calculators**: There have been experiments where LLMs were fine-tuned to use calculators, particularly for solving arithmetic problems. These experiments reveal that LLMs can struggle to extract accurate arguments for solving verbal math problems, highlighting the importance of external tools.

3. **Tool Augmented Language Models (TALM) and Toolformer**: Both methodologies involve fine-tuning language models to use external tool APIs effectively. The datasets used are augmented based on whether an API call can improve the model's output quality.

4. **ChatGPT Plugins and OpenAI API Function Calling**: These are practical examples of LLMs enhanced with tool utilization capabilities. The tool APIs might be offered by other developers (as in Plugins) or self-defined (as in function calls).

5. **HuggingGPT Framework**: ChatGPT is used here as a task planner to choose models available on the HuggingFace platform based on model descriptions and then summarizing responses derived from execution results.

These external tools enable LLMs to perform tasks beyond their standalone capabilities, allowing for a more robust and versatile application of these models.","Relevant Content:
autonomous agents. A MRKL system is proposed to contain a collection of “expert” modules and the general-purpose LLM works as a router to route inquiries to the best suitable expert module. These modules can be neural (e.g. deep learning models) or symbolic (e.g. math calculator, currency converter, weather API). They did an experiment on fine-tuning LLM to call a calculator, using arithmetic as a test case. Their experiments showed that it was harder to solve verbal math problems than explicitly stated math problems because LLMs (7B Jurassic1-large model) failed to extract the right arguments for the basic arithmetic reliably. The results highlight when the external symbolic tools can work reliably, knowing when to and how to use the tools are crucial, determined by the LLM capability. Both TALM (Tool Augmented Language Models; Parisi et al. 2022) and Toolformer (Schick et al. 2023) fine-tune a LM to learn to use external tool APIs. The dataset is expanded based on whether a newly added API call annotation can improve the quality of model outputs. See more details in the “External APIs” section of Prompt Engineering. ChatGPT Plugins and OpenAI API function calling are good examples of LLMs augmented with tool use capability working in practice. The collection of tool APIs can be provided by other developers (as in Plugins) or self-defined (as in function calls). HuggingGPT (Shen et al. 2023) is a framework to use ChatGPT as the task planner to select models available in HuggingFace platform according to the model descriptions and summarize the response based on the execution results. Fig. 11. Illustration of how HuggingGPT works. (Image source: Shen et al. 2023) The system comprises of 4 stages: (1) Task planning: LLM works as the brain and parses the user requests into multiple tasks. There are four attributes associated with each task: task type, ID, dependencies, and arguments. They use few-shot examples to guide LLM to do task parsing and planning.

The agent learns to call external APIs for extra information that is missing from the model weights (often hard to change after pre-training), including current information, code execution capability, access to proprietary information sources and more.",0.022932,22337441,0.01206132,15034301,9,8
3,What methods are used to enable LLMs to self-reflect and refine their outputs?,"Techniques employed to allow large language models to evaluate and enhance their own responses include the use of autonomous agents where the LLM acts as a brain that performs task planning and decomposition, self-reflection, and refinement. It uses both short-term and long-term memory to manage and retain information.

These systems can enhance their capabilities by utilizing tool APIs (such as ChatGPT Plugins and OpenAI API function calls), which enable the LLM to access external information and execute tasks it can't handle on its own. Techniques like Tool Augmented Language Models (TALM) and Toolformer involve fine-tuning a language model to learn how to use external tool APIs effectively.

Through reflection and refinement, LLMs can perform self-criticism, learning from mistakes, and refining their future action strategies, thus improving the quality of their outputs. Furthermore, frameworks like HuggingGPT use ChatGPT as a task planner to select appropriate models for certain tasks, enhancing the process through the execution results of those models.","Large Language Models (LLMs) can achieve iterative improvement and a form of adaptive capabilities through mechanisms like ""Tool Augmented Language Models"" and approaches such as Chain of Thought prompting, ReAct (synergizing reasoning and acting), and Program of Thoughts Prompting. These mechanisms allow LLMs to better parse output, align with feedback, and incorporate reasoning capabilities, enabling them to improve their outputs dynamically. Research and methodologies such as those described in works by Wei et al., Yao et al., and Nakano et al., provide frameworks where LLMs can learn from feedback and refine their processes, akin to achieving ""self-awareness"" in their functionality. This involves utilizing external tools, planning proficiency, and acting upon feedback to better align model performance with desired outcomes.",0.010689,7111359,0.00854733,12800452,9,8
4,How does few-shot learning improve performance compared to zero-shot learning in prompt engineering?,"In the context of prompt engineering, few-shot learning offers several advantages over zero-shot learning. Few-shot learning involves presenting the language model with a set of high-quality demonstrations, each consisting of both input and desired output, on the target task. This approach allows the model to better understand human intentions and the criteria for the desired answers by first seeing good examples, leading to better performance compared to zero-shot learning. However, this approach consumes more tokens and may hit the context length limit for longer input and output texts. Additionally, though effective, zero-shot learning involves simply feeding the task text to the model without any examples, which may not guide the model as effectively as few-shot examples.","Prompt Engineering, also known as In-Context Prompting, involves methods to communicate with large language models (LLM) to steer their behavior towards desired outcomes without updating the model weights. The effectiveness of prompt engineering methods can vary significantly among models and often requires extensive experimentation. In this context, zero-shot and few-shot learning are two fundamental approaches for prompting models.

Zero-shot learning involves providing the model with a simple task text without prior examples, asking for immediate results. This method can be less effective for complex tasks because the model lacks context or specific examples to guide its responses.

Few-shot learning, in contrast, presents the model with a set of high-quality demonstrations, each containing both input and the desired output. By including examples, few-shot learning gives the model context, which can lead to more accurate and aligned responses in complex tasks. Few-shot learning, therefore, can improve the effectiveness of prompt engineering by offering better guidance for models to understand and execute tasks with the desired outcomes.

In summary, while zero-shot learning offers a more straightforward and quicker prompting method, few-shot learning usually enhances effectiveness and accuracy, particularly for complex tasks, by leveraging contextual examples.",0.016197,14950034,0.00930969,10825246,9,9
5,What are the benefits and challenges of integrating LLMs with external APIs for problem-solving?,"Integrating large language models (LLMs) with external APIs offers both significant advantages and presents certain challenges. One major advantage is the ability of LLMs to act as natural language interfaces between users and various external components or tools such as memory storage, calculators, or weather APIs. This capability allows for enhanced problem-solving by routing inquiries to specialized modules, facilitating efficient information retrieval or processing tasks. Additionally, strategies such as using ChatGPT for task planning on platforms like HuggingFace demonstrate the effective implementation of LLMs with tool-use capabilities in practical scenarios.

However, there are notable difficulties in this integration. One critical challenge is the reliability of model outputs, as LLMs can make formatting errors and occasionally fail to follow instructions correctly, leading to issues when parsing model outputs. It is also shown that LLMs might struggle with extracting the right arguments for operations like arithmetic, which can affect performance negatively. Moreover, while integrating APIs, ensuring the model knows when and how to invoke these tools is crucial for maintaining reliability. These difficulties underscore the importance of fine-tuning models to handle API calls effectively, as demonstrated by systems like TALM and Toolformer, which augment language models with API call handling and optimization.

Overall, while the integration of LLMs with external APIs holds the potential for significantly improved problem-solving capabilities, it requires careful management to mitigate the challenges associated with reliability and task execution.","Connecting large language models (LLMs) to external APIs provides both opportunities and challenges in problem-solving scenarios. The integration of LLMs with APIs can significantly enhance their capabilities by leveraging external tools to perform specialized tasks. For instance, systems like the MRKL system allow LLMs to operate as routers to pass queries to the most appropriate expert module, which could be neural or symbolic, such as a calculator or a weather API. This setup helps the LLM to handle tasks beyond its inherent capabilities by using external outputs.

Advantages of this integration include the ability to solve complex queries that require external data or computation—a prime example being ChatGPT plugins and function calls in OpenAI API, which can incorporate various developer-defined or pre-existing tools. This augmentation allows LLMs to access a broader range of functionalities, making them more versatile and effective in providing solutions.

However, there are significant disadvantages and considerations. One major drawback is the possibility of the LLM forming incorrect inputs or performing unreliable format conversions, which could lead to underperforming solutions. The overall reliability hinges substantially on the LLM's ability to determine when and how to use these tools effectively. Furthermore, integrating external APIs can slow down the processing time due to additional inference rounds and required interactions with other models, an issue noted in frameworks like HuggingGPT. This setup also necessitates a long context window for effective communication, which could affect performance and resource consumption.

Furthermore, the stability of the results obtained from LLMs and the third-party services they interact with remains a challenge, necessitating error handling and robust workflow design to mitigate potential inconsistencies. These challenges highlight the importance of considering efficiency, context management, and output stability when successfully integrating LLMs with external APIs for enhanced problem-solving capabilities.",0.013713,16448501,0.06408153,73371435,9,9
6,What is the difference between short-term memory and long-term memory in LLM-based systems?,"In LLM-powered autonomous agent systems, memory is a crucial component that helps the system differentiate between short-term and long-term memory, each playing distinct roles. Short-term memory in these systems involves in-context learning, where the model utilizes its temporary capacity to learn and hold information that's currently being processed. This is akin to human working memory, which is used for tasks requiring immediate attention and processing, like learning and reasoning.

Long-term memory, on the other hand, provides the agent with the capability to retain and recall information over extended periods. This is typically implemented by leveraging an external vector store, allowing efficient storage and fast retrieval of vast amounts of information, essentially providing unlimited capacity over time. This mirrors human long-term memory, which retains information ranging from facts and experiences to procedural tasks, potentially over decades.

Together, these memory roles enable LLM-powered systems to dynamically process and store information, enhancing their functionality as general problem solvers and autonomous agents.","In a LLM-powered autonomous agent system, short-term memory is utilized through in-context learning. This type of memory allows models to learn and process information currently being handled. On the other hand, long-term memory enables the agent to retain and recall vast amounts of information over extended periods. This is often achieved by leveraging external vector stores and fast retrieval systems. These mechanisms significantly enhance the agent's performance and capabilities by facilitating complex cognitive tasks, learning, reasoning, and the efficient handling of external data and APIs.",0.018246,14062337,0.00784572,6982219,9,8
7,What strategies are recommended for constructing effective in-context examples in prompt engineering?,"In prompt engineering for creating effective in-context examples, several best practices are highlighted:

1. **Example Selection**: Choose high-quality examples that closely align with your target task. The examples should provide clear input-output pairs that the model can use to understand the pattern or task it needs to perform.

2. **Example Ordering**: The sequence in which examples are presented can influence the effectiveness of the prompt. Testing different orders for examples may lead to improved performance, as some models may be sensitive to the order of inputs in prompt setups.

3. **Zero-Shot and Few-Shot Learning**: Understand when to use zero-shot (providing only task instructions without examples) versus few-shot learning (including examples). Few-shot learning generally benefits from high-quality, diverse example sets to showcase the task effectively.

4. **Clarity and Conciseness**: Ensure that examples are straightforward and to the point. Avoid unnecessary complexity that might confuse the model.

5. **Domain Relevance**: Ensure that in-context examples are relevant to the domain or type of response expected. This helps the model apply learned context more efficiently.

6. **Testing and Iteration**: Experiment with different prompts and examples to find the most effective configurations for your specific application.

By following these practices, you can create efficient and effective prompts, leveraging examples to guide language models towards producing the desired outcomes.","Prompt Engineering Principles and Techniques:

1. Basic Prompting:
   - Zero-shot learning involves providing the task text to the model without any demonstration examples.
   - Few-shot learning involves presenting a set of high-quality examples (input-output pairs) to guide the model's response.

2. Tips for Example Selection and Ordering:
   - Use examples that are highly representative of the task.
   - Order examples effectively to influence the model's understanding and steering behavior.

3. Instruction Prompting:
   - Clearly specify instructions within the prompt to align the model's response with the desired action.

4. Self-Consistency Sampling:
   - Implement techniques like self-consistency, which involves generating multiple outputs and selecting the most consistent ones.

5. Chain-of-Thought (CoT) Prompts:
   - Use prompts that encourage the model to execute reasoning in steps, improving performance on tasks requiring logical reasoning.

6. Automatic Prompt Design:
   - Explore methods for automating the creation of prompts for efficiency and effectiveness.

7. Augmented Language Models:
   - Combine the language model with other components, such as retrieval from external databases or APIs, to enhance prompt outcomes.

8. Use of Tutorials and Guides:
   - Utilize comprehensive resources and guides like the Prompt Engineering Guide and other educational materials to stay informed about best practices.

These techniques highlight the importance of meticulous design in crafting in-context examples to guide language models effectively.",0.05223,47320837,0.00951738,12715323,9,9
8,How does the Tree of Thoughts (ToT) framework expand upon Chain of Thought reasoning?,"The Tree of Thoughts (ToT) framework enhances the principles of Chain of Thought (CoT) reasoning by extending it to explore multiple reasoning possibilities at each step. While CoT instructs a model to ""think step by step,"" effectively breaking down complex tasks into more manageable ones, ToT further decomposes problems into multiple thought steps and generates multiple thoughts per step. This creates a tree structure, allowing for breadth-first search (BFS) or depth-first search (DFS) processes, where each state can be evaluated by a classifier or through majority vote. Essentially, ToT expands on CoT by mapping out a diverse range of potential reasoning paths, enabling more comprehensive problem-solving strategies.","The Tree of Thoughts framework extends the Chain of Thought (CoT) reasoning by decomposing problems into multiple thought steps and generating multiple thoughts per step, thereby creating a tree structure of reasoning possibilities. While CoT is a prompting technique that organizes model reasoning step-by-step to tackle complex tasks, Tree of Thoughts enhances this approach by allowing exploration of diverse reasoning paths at each step. This structure allows for the use of search processes such as breadth-first search (BFS) or depth-first search (DFS), where each reasoning state can be evaluated through classifiers or majority votes, making it more structured and potentially more efficient for problem-solving tasks.",0.016311,13919037,0.00775995,8475610,9,9
9,What are some proof-of-concept examples of autonomous agents powered by LLMs?,"From the content found, there are several real-world examples of autonomous agents utilizing large language models as proof-of-concept:

1. Tool-Augmented Language Models (TALM) and Toolformer: These models fine-tune a language model to learn to use external tool APIs effectively. This approach demonstrates how language models can expand their functionality by integrating external tools, enhancing their problem-solving capabilities.

2. MRKL Systems: In these systems, a general-purpose large language model (LLM) acts as a router to connect inquiries to expert modules, which can be either neural (like deep learning models) or symbolic (like a math calculator or weather API). Experiments with these systems highlight the challenges and potential in using LLMs to tackle verbal and explicitly stated problems by leveraging external symbolic tools.

3. HuggingGPT: This framework uses ChatGPT as a task planner to select suitable models available on the HuggingFace platform, based on model descriptions. It decides the best-fit models for specific tasks and synthesizes responses based on execution results.

These examples reflect the evolving capabilities of LLM-powered autonomous agents in leveraging various tools and APIs to enhance their functionalities and problem-solving capabilities.","Building agents with LLM (large language model) as its core controller is a cool concept. Several proof-of-concepts demos, such as AutoGPT, GPT-Engineer and BabyAGI, serve as inspiring examples. The potentiality of LLM extends beyond generating well-written copies, stories, essays, and programs; it can be framed as a powerful general problem solver. 

In an LLM-powered autonomous agent system, LLM functions as the agent’s brain, complemented by several key components: 

1. **Planning**: 
   - **Subgoal and decomposition**: The agent breaks down large tasks into smaller, manageable subgoals, enabling efficient handling of complex tasks. 
   - **Reflection and refinement**: The agent can do self-criticism and self-reflection over past actions, learn from mistakes, and refine them for future steps, thereby improving the quality of final results.

2. **Memory**: 
   - **Short-term memory**: Utilizes in-context learning as the short-term memory of the model to learn.
   - **Long-term memory**: This provides the agent with the capability to retain and recall information over extended periods, often by leveraging an external vector store and fast retrieval.

3. **Tool use**: 
   - The agent learns to call external APIs for extra information that is missing from the model weights, including current information, code execution capability, and access to proprietary information sources.

Examples such as MRKL (Modular Reasoning, Knowledge, and Language) systems demonstrate the integration of expert modules and LLM functioning as a router to direct queries to suitable experts. These can include neural modules (e.g., deep learning models) and symbolic modules (e.g., math calculators). Experiments show challenges with verbal problem-solving, highlighting the importance of effectively utilizing external tools. 

Additionally, systems like HuggingGPT use ChatGPT as a planner, which selects models available on the Hugging Face platform according to model descriptions and summarizes responses based on execution results. This involves task planning, model selection, task execution, and response summarization.

Overall, these systems illustrate the various capacities in which LLMs can serve as autonomous agents in specific environments, tackling complex tasks through strategic planning, memory management, and tool use.",0.022392,13859852,0.01160634,12444371,9,9
